_id,dist_d,kind,source
10001,,组织胚胎学,十门联考
10002,,组织胚胎学,十门联考
10003,,组织胚胎学,十门联考
10004,,组织胚胎学,十门联考
10005,,组织胚胎学,十门联考
10006,,组织胚胎学,十门联考
10007,,组织胚胎学,十门联考
10008,,组织胚胎学,十门联考
10009,,组织胚胎学,十门联考
10010,,组织胚胎学,十门联考
10011,,组织胚胎学,十门联考
10012,,组织胚胎学,十门联考
10013,,组织胚胎学,十门联考
10014,,组织胚胎学,十门联考
10015,,组织胚胎学,十门联考
10016,,组织胚胎学,十门联考
10017,,组织胚胎学,十门联考
10018,,组织胚胎学,十门联考
10019,,组织胚胎学,十门联考
10020,,组织胚胎学,十门联考
10021,,组织胚胎学,十门联考
10022,,组织胚胎学,十门联考
10023,,组织胚胎学,十门联考
10024,,组织胚胎学,十门联考
10025,,组织胚胎学,十门联考
10026,,组织胚胎学,十门联考
10027,,组织胚胎学,十门联考
10028,,组织胚胎学,十门联考
10029,,组织胚胎学,十门联考
10030,,组织胚胎学,十门联考
10031,,组织胚胎学,十门联考
10032,,组织胚胎学,十门联考
10033,,组织胚胎学,十门联考
10034,,组织胚胎学,十门联考
10035,,组织胚胎学,十门联考
10036,,组织胚胎学,十门联考
10037,,组织胚胎学,十门联考
10038,,组织胚胎学,十门联考
10039,,组织胚胎学,十门联考
10040,,组织胚胎学,十门联考
10041,,组织胚胎学,十门联考
10042,,组织胚胎学,十门联考
10043,,组织胚胎学,十门联考
10044,,组织胚胎学,十门联考
10045,,组织胚胎学,十门联考
10046,,组织胚胎学,十门联考
10047,,组织胚胎学,十门联考
10048,,组织胚胎学,十门联考
10049,,组织胚胎学,十门联考
10050,,组织胚胎学,十门联考
10051,,组织胚胎学,十门联考
10052,,组织胚胎学,十门联考
10053,,组织胚胎学,十门联考
10054,,组织胚胎学,十门联考
10055,,组织胚胎学,十门联考
10056,,组织胚胎学,十门联考
10057,,组织胚胎学,十门联考
10058,,组织胚胎学,十门联考
10059,,组织胚胎学,十门联考
10060,,组织胚胎学,十门联考
10061,,组织胚胎学,十门联考
10062,,组织胚胎学,十门联考
10063,,组织胚胎学,十门联考
10064,,组织胚胎学,十门联考
10065,,组织胚胎学,十门联考
10066,,组织胚胎学,十门联考
10067,,组织胚胎学,十门联考
10068,,组织胚胎学,十门联考
10069,,组织胚胎学,十门联考
10070,,组织胚胎学,十门联考
10071,,组织胚胎学,十门联考
10072,,组织胚胎学,十门联考
10073,,组织胚胎学,十门联考
10074,,组织胚胎学,十门联考
10075,,组织胚胎学,十门联考
10076,,组织胚胎学,十门联考
10077,,组织胚胎学,十门联考
10078,,组织胚胎学,十门联考
10079,,组织胚胎学,十门联考
10080,,组织胚胎学,十门联考
10081,,组织胚胎学,十门联考
10082,,组织胚胎学,十门联考
10083,,组织胚胎学,十门联考
10084,,组织胚胎学,十门联考
10085,,组织胚胎学,十门联考
10086,,组织胚胎学,十门联考
10087,,组织胚胎学,十门联考
10088,,组织胚胎学,十门联考
10089,,组织胚胎学,十门联考
10090,,组织胚胎学,十门联考
10091,,组织胚胎学,十门联考
10092,,组织胚胎学,十门联考
10093,,组织胚胎学,十门联考
10094,,组织胚胎学,十门联考
10095,,组织胚胎学,十门联考
10096,,组织胚胎学,十门联考
10097,,组织胚胎学,十门联考
10098,,组织胚胎学,十门联考
10099,,组织胚胎学,十门联考
10100,,组织胚胎学,十门联考
20001,,系统解剖学,十门联考
20002,,系统解剖学,十门联考
20003,,系统解剖学,十门联考
20004,,系统解剖学,十门联考
20005,,系统解剖学,十门联考
20006,,系统解剖学,十门联考
20007,,系统解剖学,十门联考
20008,,系统解剖学,十门联考
20009,,系统解剖学,十门联考
20010,,系统解剖学,十门联考
20011,,系统解剖学,十门联考
20012,,系统解剖学,十门联考
20013,,系统解剖学,十门联考
20014,,系统解剖学,十门联考
20015,,系统解剖学,十门联考
20016,,系统解剖学,十门联考
20017,,系统解剖学,十门联考
20018,,系统解剖学,十门联考
20019,,系统解剖学,十门联考
20020,,系统解剖学,十门联考
20021,,系统解剖学,十门联考
20022,,系统解剖学,十门联考
20023,,系统解剖学,十门联考
20024,,系统解剖学,十门联考
20025,,系统解剖学,十门联考
20026,,系统解剖学,十门联考
20027,,系统解剖学,十门联考
20028,,系统解剖学,十门联考
20029,,系统解剖学,十门联考
20030,,系统解剖学,十门联考
20031,,系统解剖学,十门联考
20032,,系统解剖学,十门联考
20033,,系统解剖学,十门联考
20034,,系统解剖学,十门联考
20035,,系统解剖学,十门联考
20036,,系统解剖学,十门联考
20037,,系统解剖学,十门联考
20038,,系统解剖学,十门联考
20039,,系统解剖学,十门联考
20040,,系统解剖学,十门联考
20041,,系统解剖学,十门联考
20042,,系统解剖学,十门联考
20043,,系统解剖学,十门联考
20044,,系统解剖学,十门联考
20045,,系统解剖学,十门联考
20046,,系统解剖学,十门联考
20047,,系统解剖学,十门联考
20048,,系统解剖学,十门联考
20049,,系统解剖学,十门联考
20050,,系统解剖学,十门联考
20051,,系统解剖学,十门联考
20052,,系统解剖学,十门联考
20053,,系统解剖学,十门联考
20054,,系统解剖学,十门联考
20055,,系统解剖学,十门联考
20056,,系统解剖学,十门联考
20057,,系统解剖学,十门联考
20058,,系统解剖学,十门联考
20059,,系统解剖学,十门联考
20060,,系统解剖学,十门联考
20061,,系统解剖学,十门联考
20062,,系统解剖学,十门联考
20063,,系统解剖学,十门联考
20064,,系统解剖学,十门联考
20065,,系统解剖学,十门联考
20066,,系统解剖学,十门联考
20067,,系统解剖学,十门联考
20068,,系统解剖学,十门联考
20069,,系统解剖学,十门联考
20070,,系统解剖学,十门联考
20071,,系统解剖学,十门联考
20072,,系统解剖学,十门联考
20073,,系统解剖学,十门联考
20074,,系统解剖学,十门联考
20075,,系统解剖学,十门联考
20076,,系统解剖学,十门联考
20077,,系统解剖学,十门联考
20078,,系统解剖学,十门联考
20079,,系统解剖学,十门联考
20080,,系统解剖学,十门联考
20081,,系统解剖学,十门联考
20082,,系统解剖学,十门联考
20083,,系统解剖学,十门联考
20084,,系统解剖学,十门联考
20085,,系统解剖学,十门联考
20086,,系统解剖学,十门联考
20087,,系统解剖学,十门联考
20088,,系统解剖学,十门联考
20089,,系统解剖学,十门联考
20090,,系统解剖学,十门联考
20091,,系统解剖学,十门联考
20092,,系统解剖学,十门联考
20093,,系统解剖学,十门联考
20094,,系统解剖学,十门联考
20095,,系统解剖学,十门联考
20096,,系统解剖学,十门联考
20097,,系统解剖学,十门联考
20098,,系统解剖学,十门联考
20099,,系统解剖学,十门联考
20100,,系统解剖学,十门联考
30001,,局部解剖学,十门联考
30002,,局部解剖学,十门联考
30003,,局部解剖学,十门联考
30004,,局部解剖学,十门联考
30005,,局部解剖学,十门联考
30006,,局部解剖学,十门联考
30007,,局部解剖学,十门联考
30008,,局部解剖学,十门联考
30009,,局部解剖学,十门联考
30010,,局部解剖学,十门联考
30011,,局部解剖学,十门联考
30012,,局部解剖学,十门联考
30013,,局部解剖学,十门联考
30014,,局部解剖学,十门联考
30015,,局部解剖学,十门联考
30016,,局部解剖学,十门联考
30017,,局部解剖学,十门联考
30018,,局部解剖学,十门联考
30019,,局部解剖学,十门联考
30020,,局部解剖学,十门联考
30021,,局部解剖学,十门联考
30022,,局部解剖学,十门联考
30023,,局部解剖学,十门联考
30024,,局部解剖学,十门联考
30025,,局部解剖学,十门联考
30026,,局部解剖学,十门联考
30027,,局部解剖学,十门联考
30028,,局部解剖学,十门联考
30029,,局部解剖学,十门联考
30030,,局部解剖学,十门联考
30031,,局部解剖学,十门联考
30032,,局部解剖学,十门联考
30033,,局部解剖学,十门联考
30034,,局部解剖学,十门联考
30035,,局部解剖学,十门联考
30036,,局部解剖学,十门联考
30037,,局部解剖学,十门联考
30038,,局部解剖学,十门联考
30039,,局部解剖学,十门联考
30040,,局部解剖学,十门联考
30041,,局部解剖学,十门联考
30042,,局部解剖学,十门联考
30043,,局部解剖学,十门联考
30044,,局部解剖学,十门联考
30045,,局部解剖学,十门联考
30046,,局部解剖学,十门联考
30047,,局部解剖学,十门联考
30048,,局部解剖学,十门联考
30049,,局部解剖学,十门联考
30050,,局部解剖学,十门联考
30051,,局部解剖学,十门联考
30052,,局部解剖学,十门联考
30053,,局部解剖学,十门联考
30054,,局部解剖学,十门联考
30055,,局部解剖学,十门联考
30056,,局部解剖学,十门联考
30057,,局部解剖学,十门联考
30058,,局部解剖学,十门联考
30059,,局部解剖学,十门联考
30060,,局部解剖学,十门联考
30061,,局部解剖学,十门联考
30062,,局部解剖学,十门联考
30063,,局部解剖学,十门联考
30064,,局部解剖学,十门联考
30065,,局部解剖学,十门联考
30066,,局部解剖学,十门联考
30067,,局部解剖学,十门联考
30068,,局部解剖学,十门联考
30069,,局部解剖学,十门联考
30070,,局部解剖学,十门联考
30071,,局部解剖学,十门联考
30072,,局部解剖学,十门联考
30073,,局部解剖学,十门联考
30074,,局部解剖学,十门联考
30075,,局部解剖学,十门联考
30076,,局部解剖学,十门联考
30077,,局部解剖学,十门联考
30078,,局部解剖学,十门联考
30079,,局部解剖学,十门联考
30080,,局部解剖学,十门联考
30081,,局部解剖学,十门联考
30082,,局部解剖学,十门联考
30083,,局部解剖学,十门联考
30084,,局部解剖学,十门联考
30085,,局部解剖学,十门联考
30086,,局部解剖学,十门联考
30087,,局部解剖学,十门联考
30088,,局部解剖学,十门联考
30089,,局部解剖学,十门联考
30090,,局部解剖学,十门联考
30091,,局部解剖学,十门联考
30092,,局部解剖学,十门联考
30093,,局部解剖学,十门联考
30094,,局部解剖学,十门联考
30095,,局部解剖学,十门联考
30096,,局部解剖学,十门联考
30097,,局部解剖学,十门联考
30098,,局部解剖学,十门联考
30099,,局部解剖学,十门联考
30100,,局部解剖学,十门联考
40001,,生理学,十门联考
40002,,生理学,十门联考
40003,,生理学,十门联考
40004,,生理学,十门联考
40005,,生理学,十门联考
40006,,生理学,十门联考
40007,,生理学,十门联考
40008,,生理学,十门联考
40009,,生理学,十门联考
40010,,生理学,十门联考
40011,,生理学,十门联考
40012,,生理学,十门联考
40013,,生理学,十门联考
40014,,生理学,十门联考
40015,,生理学,十门联考
40016,,生理学,十门联考
40017,,生理学,十门联考
40018,,生理学,十门联考
40019,,生理学,十门联考
40020,,生理学,十门联考
40021,,生理学,十门联考
40022,,生理学,十门联考
40023,,生理学,十门联考
40024,,生理学,十门联考
40025,,生理学,十门联考
40026,,生理学,十门联考
40027,,生理学,十门联考
40028,,生理学,十门联考
40029,,生理学,十门联考
40030,,生理学,十门联考
40031,,生理学,十门联考
40032,,生理学,十门联考
40033,,生理学,十门联考
40034,,生理学,十门联考
40035,,生理学,十门联考
40036,,生理学,十门联考
40037,,生理学,十门联考
40038,,生理学,十门联考
40039,,生理学,十门联考
40040,,生理学,十门联考
40041,,生理学,十门联考
40042,,生理学,十门联考
40043,,生理学,十门联考
40044,,生理学,十门联考
40045,,生理学,十门联考
40046,,生理学,十门联考
40047,,生理学,十门联考
40048,,生理学,十门联考
40049,,生理学,十门联考
40050,,生理学,十门联考
40051,,生理学,十门联考
40052,,生理学,十门联考
40053,,生理学,十门联考
40054,,生理学,十门联考
40055,,生理学,十门联考
40056,,生理学,十门联考
40057,,生理学,十门联考
40058,,生理学,十门联考
40059,,生理学,十门联考
40060,,生理学,十门联考
40061,,生理学,十门联考
40062,,生理学,十门联考
40063,,生理学,十门联考
40064,,生理学,十门联考
40065,,生理学,十门联考
40066,,生理学,十门联考
40067,,生理学,十门联考
40068,,生理学,十门联考
40069,,生理学,十门联考
40070,,生理学,十门联考
40071,,生理学,十门联考
40072,,生理学,十门联考
40073,,生理学,十门联考
40074,,生理学,十门联考
40075,,生理学,十门联考
40076,,生理学,十门联考
40077,,生理学,十门联考
40078,,生理学,十门联考
40079,,生理学,十门联考
40080,,生理学,十门联考
40081,,生理学,十门联考
40082,,生理学,十门联考
40083,,生理学,十门联考
40084,,生理学,十门联考
40085,,生理学,十门联考
40086,,生理学,十门联考
40087,,生理学,十门联考
40088,,生理学,十门联考
40089,,生理学,十门联考
40090,,生理学,十门联考
40091,,生理学,十门联考
40092,,生理学,十门联考
40093,,生理学,十门联考
40094,,生理学,十门联考
40095,,生理学,十门联考
40096,,生理学,十门联考
40097,,生理学,十门联考
40098,,生理学,十门联考
40099,,生理学,十门联考
40100,,生理学,十门联考
40101,,生理学,十门联考
40102,,生理学,十门联考
40103,,生理学,十门联考
40104,,生理学,十门联考
40105,,生理学,十门联考
40106,,生理学,十门联考
40107,,生理学,十门联考
40108,,生理学,十门联考
40109,,生理学,十门联考
40110,,生理学,十门联考
40111,,生理学,十门联考
40112,,生理学,十门联考
40113,,生理学,十门联考
40114,,生理学,十门联考
40115,,生理学,十门联考
40116,,生理学,十门联考
40117,,生理学,十门联考
40118,,生理学,十门联考
40119,,生理学,十门联考
40120,,生理学,十门联考
40121,,生理学,十门联考
40122,,生理学,十门联考
40123,,生理学,十门联考
40124,,生理学,十门联考
40125,,生理学,十门联考
40126,,生理学,十门联考
40127,,生理学,十门联考
40128,,生理学,十门联考
40129,,生理学,十门联考
40130,,生理学,十门联考
40131,,生理学,十门联考
40132,,生理学,十门联考
40133,,生理学,十门联考
40134,,生理学,十门联考
40135,,生理学,十门联考
40136,,生理学,十门联考
40137,,生理学,十门联考
40138,,生理学,十门联考
40139,,生理学,十门联考
40140,,生理学,十门联考
40141,,生理学,十门联考
40142,,生理学,十门联考
40143,,生理学,十门联考
40144,,生理学,十门联考
40145,,生理学,十门联考
40146,,生理学,十门联考
40147,,生理学,十门联考
40148,,生理学,十门联考
40149,,生理学,十门联考
40150,,生理学,十门联考
40151,,生理学,十门联考
40152,,生理学,十门联考
40153,,生理学,十门联考
40154,,生理学,十门联考
40155,,生理学,十门联考
40156,,生理学,十门联考
40157,,生理学,十门联考
40158,,生理学,十门联考
40159,,生理学,十门联考
40160,,生理学,十门联考
40161,,生理学,十门联考
40162,,生理学,十门联考
40163,,生理学,十门联考
40164,,生理学,十门联考
40165,,生理学,十门联考
40166,,生理学,十门联考
40167,,生理学,十门联考
40168,,生理学,十门联考
40169,,生理学,十门联考
40170,,生理学,十门联考
40171,,生理学,十门联考
40172,,生理学,十门联考
40173,,生理学,十门联考
40174,,生理学,十门联考
40175,,生理学,十门联考
40176,,生理学,十门联考
40177,,生理学,十门联考
40178,,生理学,十门联考
40179,,生理学,十门联考
40180,,生理学,十门联考
40181,,生理学,十门联考
40182,,生理学,十门联考
40183,,生理学,十门联考
40184,,生理学,十门联考
40185,,生理学,十门联考
40186,,生理学,十门联考
40187,,生理学,十门联考
40188,,生理学,十门联考
40189,,生理学,十门联考
40190,,生理学,十门联考
40191,,生理学,十门联考
40192,,生理学,十门联考
40193,,生理学,十门联考
40194,,生理学,十门联考
40195,,生理学,十门联考
40196,,生理学,十门联考
40197,,生理学,十门联考
40198,,生理学,十门联考
40199,,生理学,十门联考
40200,,生理学,十门联考
40201,,生理学,十门联考
40202,,生理学,十门联考
40203,,生理学,十门联考
40204,,生理学,十门联考
40205,,生理学,十门联考
40206,,生理学,十门联考
40207,,生理学,十门联考
40208,,生理学,十门联考
40209,,生理学,十门联考
40210,,生理学,十门联考
40211,,生理学,十门联考
40212,,生理学,十门联考
40213,,生理学,十门联考
40214,,生理学,十门联考
40215,,生理学,十门联考
40216,,生理学,十门联考
40217,,生理学,十门联考
40218,,生理学,十门联考
40219,,生理学,十门联考
40220,,生理学,十门联考
40221,,生理学,十门联考
40222,,生理学,十门联考
40223,,生理学,十门联考
40224,,生理学,十门联考
40225,,生理学,十门联考
40226,,生理学,十门联考
40227,,生理学,十门联考
40228,,生理学,十门联考
40229,,生理学,十门联考
40230,,生理学,十门联考
40231,,生理学,十门联考
40232,,生理学,十门联考
40233,,生理学,十门联考
40234,,生理学,十门联考
40235,,生理学,十门联考
40236,,生理学,十门联考
40237,,生理学,十门联考
40238,,生理学,十门联考
40239,,生理学,十门联考
40240,,生理学,十门联考
40241,,生理学,十门联考
40242,,生理学,十门联考
40243,,生理学,十门联考
40244,,生理学,十门联考
40245,,生理学,十门联考
40246,,生理学,十门联考
40247,,生理学,十门联考
40248,,生理学,十门联考
40249,,生理学,十门联考
40250,,生理学,十门联考
40251,,生理学,十门联考
40252,,生理学,十门联考
40253,,生理学,十门联考
40254,,生理学,十门联考
40255,,生理学,十门联考
40256,,生理学,十门联考
40257,,生理学,十门联考
40258,,生理学,十门联考
40259,,生理学,十门联考
40260,,生理学,十门联考
40261,,生理学,十门联考
40262,,生理学,十门联考
40263,,生理学,十门联考
40264,,生理学,十门联考
40265,,生理学,十门联考
40266,,生理学,十门联考
40267,,生理学,十门联考
40268,,生理学,十门联考
40269,,生理学,十门联考
40270,,生理学,十门联考
40271,,生理学,十门联考
40272,,生理学,十门联考
40273,,生理学,十门联考
40274,,生理学,十门联考
40275,,生理学,十门联考
40276,,生理学,十门联考
40277,,生理学,十门联考
40278,,生理学,十门联考
40279,,生理学,十门联考
40280,,生理学,十门联考
40281,,生理学,十门联考
40282,,生理学,十门联考
40283,,生理学,十门联考
40284,,生理学,十门联考
40285,,生理学,十门联考
40286,,生理学,十门联考
40287,,生理学,十门联考
40288,,生理学,十门联考
40289,,生理学,十门联考
40290,,生理学,十门联考
40291,,生理学,十门联考
40292,,生理学,十门联考
40293,,生理学,十门联考
40294,,生理学,十门联考
40295,,生理学,十门联考
40296,,生理学,十门联考
40297,,生理学,十门联考
40298,,生理学,十门联考
40299,,生理学,十门联考
40300,,生理学,十门联考
40301,,生理学,十门联考
40302,,生理学,十门联考
40303,,生理学,十门联考
40304,,生理学,十门联考
40305,,生理学,十门联考
40306,,生理学,十门联考
40307,,生理学,十门联考
40308,,生理学,十门联考
40309,,生理学,十门联考
40310,,生理学,十门联考
40311,,生理学,十门联考
40312,,生理学,十门联考
40313,,生理学,十门联考
40314,,生理学,十门联考
40315,,生理学,十门联考
40316,,生理学,十门联考
40317,,生理学,十门联考
40318,,生理学,十门联考
40319,,生理学,十门联考
40320,,生理学,十门联考
40321,,生理学,十门联考
40322,,生理学,十门联考
40323,,生理学,十门联考
40324,,生理学,十门联考
40325,,生理学,十门联考
40326,,生理学,十门联考
40327,,生理学,十门联考
50001,,生物化学,十门联考
50002,,生物化学,十门联考
50003,,生物化学,十门联考
50004,,生物化学,十门联考
50005,,生物化学,十门联考
50006,,生物化学,十门联考
50007,,生物化学,十门联考
50008,,生物化学,十门联考
50009,,生物化学,十门联考
50010,,生物化学,十门联考
50011,,生物化学,十门联考
50012,,生物化学,十门联考
50013,,生物化学,十门联考
50014,,生物化学,十门联考
50015,,生物化学,十门联考
50016,,生物化学,十门联考
50017,,生物化学,十门联考
50018,,生物化学,十门联考
50019,,生物化学,十门联考
50020,,生物化学,十门联考
50021,,生物化学,十门联考
50022,,生物化学,十门联考
50023,,生物化学,十门联考
50024,,生物化学,十门联考
50025,,生物化学,十门联考
50026,,生物化学,十门联考
50027,,生物化学,十门联考
50028,,生物化学,十门联考
50029,,生物化学,十门联考
50030,,生物化学,十门联考
50031,,生物化学,十门联考
50032,,生物化学,十门联考
50033,,生物化学,十门联考
50034,,生物化学,十门联考
50035,,生物化学,十门联考
50036,,生物化学,十门联考
50037,,生物化学,十门联考
50038,,生物化学,十门联考
50039,,生物化学,十门联考
50040,,生物化学,十门联考
50041,,生物化学,十门联考
50042,,生物化学,十门联考
50043,,生物化学,十门联考
50044,,生物化学,十门联考
50045,,生物化学,十门联考
50046,,生物化学,十门联考
50047,,生物化学,十门联考
50048,,生物化学,十门联考
50049,,生物化学,十门联考
50050,,生物化学,十门联考
50051,,生物化学,十门联考
50052,,生物化学,十门联考
50053,,生物化学,十门联考
50054,,生物化学,十门联考
50055,,生物化学,十门联考
50056,,生物化学,十门联考
50057,,生物化学,十门联考
50058,,生物化学,十门联考
50059,,生物化学,十门联考
50060,,生物化学,十门联考
50061,,生物化学,十门联考
50062,,生物化学,十门联考
50063,,生物化学,十门联考
50064,,生物化学,十门联考
50065,,生物化学,十门联考
50066,,生物化学,十门联考
50067,,生物化学,十门联考
50068,,生物化学,十门联考
50069,,生物化学,十门联考
50070,,生物化学,十门联考
50071,,生物化学,十门联考
50072,,生物化学,十门联考
50073,,生物化学,十门联考
50074,,生物化学,十门联考
50075,,生物化学,十门联考
50076,,生物化学,十门联考
50077,,生物化学,十门联考
50078,,生物化学,十门联考
50079,,生物化学,十门联考
50080,,生物化学,十门联考
50081,,生物化学,十门联考
50082,,生物化学,十门联考
50083,,生物化学,十门联考
50084,,生物化学,十门联考
50085,,生物化学,十门联考
50086,,生物化学,十门联考
50087,,生物化学,十门联考
50088,,生物化学,十门联考
50089,,生物化学,十门联考
50090,,生物化学,十门联考
50091,,生物化学,十门联考
50092,,生物化学,十门联考
50093,,生物化学,十门联考
50094,,生物化学,十门联考
50095,,生物化学,十门联考
50096,,生物化学,十门联考
50097,,生物化学,十门联考
50098,,生物化学,十门联考
50099,,生物化学,十门联考
50100,,生物化学,十门联考
50101,,生物化学,十门联考
50102,,生物化学,十门联考
50103,,生物化学,十门联考
50104,,生物化学,十门联考
50105,,生物化学,十门联考
50106,,生物化学,十门联考
50107,,生物化学,十门联考
50108,,生物化学,十门联考
50109,,生物化学,十门联考
50110,,生物化学,十门联考
50111,,生物化学,十门联考
50112,,生物化学,十门联考
50113,,生物化学,十门联考
50114,,生物化学,十门联考
50115,,生物化学,十门联考
50116,,生物化学,十门联考
50117,,生物化学,十门联考
50118,,生物化学,十门联考
50119,,生物化学,十门联考
50120,,生物化学,十门联考
50121,,生物化学,十门联考
50122,,生物化学,十门联考
50123,,生物化学,十门联考
50124,,生物化学,十门联考
50125,,生物化学,十门联考
50126,,生物化学,十门联考
50127,,生物化学,十门联考
50128,,生物化学,十门联考
50129,,生物化学,十门联考
50130,,生物化学,十门联考
50131,,生物化学,十门联考
50132,,生物化学,十门联考
50133,,生物化学,十门联考
50134,,生物化学,十门联考
50135,,生物化学,十门联考
50136,,生物化学,十门联考
50137,,生物化学,十门联考
50138,,生物化学,十门联考
50139,,生物化学,十门联考
50140,,生物化学,十门联考
50141,,生物化学,十门联考
50142,,生物化学,十门联考
50143,,生物化学,十门联考
50144,,生物化学,十门联考
50145,,生物化学,十门联考
50146,,生物化学,十门联考
50147,,生物化学,十门联考
50148,,生物化学,十门联考
50149,,生物化学,十门联考
50150,,生物化学,十门联考
50151,,生物化学,十门联考
50152,,生物化学,十门联考
50153,,生物化学,十门联考
50154,,生物化学,十门联考
50155,,生物化学,十门联考
50156,,生物化学,十门联考
50157,,生物化学,十门联考
50158,,生物化学,十门联考
50159,,生物化学,十门联考
50160,,生物化学,十门联考
50161,,生物化学,十门联考
50162,,生物化学,十门联考
50163,,生物化学,十门联考
50164,,生物化学,十门联考
50165,,生物化学,十门联考
50166,,生物化学,十门联考
50167,,生物化学,十门联考
50168,,生物化学,十门联考
50169,,生物化学,十门联考
50170,,生物化学,十门联考
50171,,生物化学,十门联考
50172,,生物化学,十门联考
50173,,生物化学,十门联考
50174,,生物化学,十门联考
50175,,生物化学,十门联考
50176,,生物化学,十门联考
50177,,生物化学,十门联考
50178,,生物化学,十门联考
50179,,生物化学,十门联考
50180,,生物化学,十门联考
50181,,生物化学,十门联考
50182,,生物化学,十门联考
50183,,生物化学,十门联考
50184,,生物化学,十门联考
50185,,生物化学,十门联考
50186,,生物化学,十门联考
50187,,生物化学,十门联考
50188,,生物化学,十门联考
50189,,生物化学,十门联考
50190,,生物化学,十门联考
50191,,生物化学,十门联考
50192,,生物化学,十门联考
50193,,生物化学,十门联考
50194,,生物化学,十门联考
50195,,生物化学,十门联考
50196,,生物化学,十门联考
50197,,生物化学,十门联考
50198,,生物化学,十门联考
50199,,生物化学,十门联考
50200,,生物化学,十门联考
50201,,生物化学,十门联考
50202,,生物化学,十门联考
50203,,生物化学,十门联考
50204,,生物化学,十门联考
50205,,生物化学,十门联考
50206,,生物化学,十门联考
50207,,生物化学,十门联考
50208,,生物化学,十门联考
50209,,生物化学,十门联考
50210,,生物化学,十门联考
50211,,生物化学,十门联考
50212,,生物化学,十门联考
50213,,生物化学,十门联考
50214,,生物化学,十门联考
50215,,生物化学,十门联考
50216,,生物化学,十门联考
50217,,生物化学,十门联考
50218,,生物化学,十门联考
50219,,生物化学,十门联考
50220,,生物化学,十门联考
50221,,生物化学,十门联考
50222,,生物化学,十门联考
50223,,生物化学,十门联考
50224,,生物化学,十门联考
50225,,生物化学,十门联考
50226,,生物化学,十门联考
50227,,生物化学,十门联考
50228,,生物化学,十门联考
50229,,生物化学,十门联考
50230,,生物化学,十门联考
50231,,生物化学,十门联考
50232,,生物化学,十门联考
50233,,生物化学,十门联考
50234,,生物化学,十门联考
50235,,生物化学,十门联考
50236,,生物化学,十门联考
50237,,生物化学,十门联考
50238,,生物化学,十门联考
50239,,生物化学,十门联考
50240,,生物化学,十门联考
50241,,生物化学,十门联考
50242,,生物化学,十门联考
50243,,生物化学,十门联考
50244,,生物化学,十门联考
50245,,生物化学,十门联考
50246,,生物化学,十门联考
50247,,生物化学,十门联考
50248,,生物化学,十门联考
50249,,生物化学,十门联考
50250,,生物化学,十门联考
50251,,生物化学,十门联考
50252,,生物化学,十门联考
50253,,生物化学,十门联考
50254,,生物化学,十门联考
50255,,生物化学,十门联考
50256,,生物化学,十门联考
50257,,生物化学,十门联考
50258,,生物化学,十门联考
50259,,生物化学,十门联考
50260,,生物化学,十门联考
50261,,生物化学,十门联考
50262,,生物化学,十门联考
50263,,生物化学,十门联考
50264,,生物化学,十门联考
50265,,生物化学,十门联考
50266,,生物化学,十门联考
50267,,生物化学,十门联考
50268,,生物化学,十门联考
50269,,生物化学,十门联考
50270,,生物化学,十门联考
50271,,生物化学,十门联考
50272,,生物化学,十门联考
50273,,生物化学,十门联考
50274,,生物化学,十门联考
50275,,生物化学,十门联考
50276,,生物化学,十门联考
50277,,生物化学,十门联考
50278,,生物化学,十门联考
50279,,生物化学,十门联考
50280,,生物化学,十门联考
50281,,生物化学,十门联考
50282,,生物化学,十门联考
50283,,生物化学,十门联考
50284,,生物化学,十门联考
50285,,生物化学,十门联考
50286,,生物化学,十门联考
50287,,生物化学,十门联考
50288,,生物化学,十门联考
50289,,生物化学,十门联考
50290,,生物化学,十门联考
50291,,生物化学,十门联考
50292,,生物化学,十门联考
50293,,生物化学,十门联考
50294,,生物化学,十门联考
50295,,生物化学,十门联考
50296,,生物化学,十门联考
50297,,生物化学,十门联考
50298,,生物化学,十门联考
50299,,生物化学,十门联考
50300,,生物化学,十门联考
50301,,生物化学,十门联考
50302,,生物化学,十门联考
50303,,生物化学,十门联考
50304,,生物化学,十门联考
60001,,病理生理学,十门联考
60002,,病理生理学,十门联考
60003,,病理生理学,十门联考
60004,,病理生理学,十门联考
60005,,病理生理学,十门联考
60006,,病理生理学,十门联考
60007,,病理生理学,十门联考
60008,,病理生理学,十门联考
60009,,病理生理学,十门联考
60010,,病理生理学,十门联考
60011,,病理生理学,十门联考
60012,,病理生理学,十门联考
60013,,病理生理学,十门联考
60014,,病理生理学,十门联考
60015,,病理生理学,十门联考
60016,,病理生理学,十门联考
60017,,病理生理学,十门联考
60018,,病理生理学,十门联考
60019,,病理生理学,十门联考
60020,,病理生理学,十门联考
60021,,病理生理学,十门联考
60022,,病理生理学,十门联考
60023,,病理生理学,十门联考
60024,,病理生理学,十门联考
60025,,病理生理学,十门联考
60026,,病理生理学,十门联考
60027,,病理生理学,十门联考
60028,,病理生理学,十门联考
60029,,病理生理学,十门联考
60030,,病理生理学,十门联考
60031,,病理生理学,十门联考
60032,,病理生理学,十门联考
60033,,病理生理学,十门联考
60034,,病理生理学,十门联考
60035,,病理生理学,十门联考
60036,,病理生理学,十门联考
60037,,病理生理学,十门联考
60038,,病理生理学,十门联考
60039,,病理生理学,十门联考
60040,,病理生理学,十门联考
60041,,病理生理学,十门联考
60042,,病理生理学,十门联考
60043,,病理生理学,十门联考
60044,,病理生理学,十门联考
60045,,病理生理学,十门联考
60046,,病理生理学,十门联考
60047,,病理生理学,十门联考
60048,,病理生理学,十门联考
60049,,病理生理学,十门联考
60050,,病理生理学,十门联考
60051,,病理生理学,十门联考
60052,,病理生理学,十门联考
60053,,病理生理学,十门联考
60054,,病理生理学,十门联考
60055,,病理生理学,十门联考
60056,,病理生理学,十门联考
60057,,病理生理学,十门联考
60058,,病理生理学,十门联考
60059,,病理生理学,十门联考
60060,,病理生理学,十门联考
60061,,病理生理学,十门联考
60062,,病理生理学,十门联考
60063,,病理生理学,十门联考
60064,,病理生理学,十门联考
60065,,病理生理学,十门联考
60066,,病理生理学,十门联考
60067,,病理生理学,十门联考
60068,,病理生理学,十门联考
60069,,病理生理学,十门联考
60070,,病理生理学,十门联考
60071,,病理生理学,十门联考
60072,,病理生理学,十门联考
60073,,病理生理学,十门联考
60074,,病理生理学,十门联考
60075,,病理生理学,十门联考
60076,,病理生理学,十门联考
60077,,病理生理学,十门联考
60078,,病理生理学,十门联考
60079,,病理生理学,十门联考
60080,,病理生理学,十门联考
60081,,病理生理学,十门联考
60082,,病理生理学,十门联考
60083,,病理生理学,十门联考
60084,,病理生理学,十门联考
60085,,病理生理学,十门联考
60086,,病理生理学,十门联考
60087,,病理生理学,十门联考
60088,,病理生理学,十门联考
60089,,病理生理学,十门联考
60090,,病理生理学,十门联考
60091,,病理生理学,十门联考
60092,,病理生理学,十门联考
60093,,病理生理学,十门联考
60094,,病理生理学,十门联考
60095,,病理生理学,十门联考
60096,,病理生理学,十门联考
60097,,病理生理学,十门联考
60098,,病理生理学,十门联考
60099,,病理生理学,十门联考
70001,,病理学,十门联考
70002,,病理学,十门联考
70003,,病理学,十门联考
70004,,病理学,十门联考
70005,,病理学,十门联考
70006,,病理学,十门联考
70007,,病理学,十门联考
70008,,病理学,十门联考
70009,,病理学,十门联考
70010,,病理学,十门联考
70011,,病理学,十门联考
70012,,病理学,十门联考
70013,,病理学,十门联考
70014,,病理学,十门联考
70015,,病理学,十门联考
70016,,病理学,十门联考
70017,,病理学,十门联考
70018,,病理学,十门联考
70019,,病理学,十门联考
70020,,病理学,十门联考
70021,,病理学,十门联考
70022,,病理学,十门联考
70023,,病理学,十门联考
70024,,病理学,十门联考
70025,,病理学,十门联考
70026,,病理学,十门联考
70027,,病理学,十门联考
70028,,病理学,十门联考
70029,,病理学,十门联考
70030,,病理学,十门联考
70031,,病理学,十门联考
70032,,病理学,十门联考
70033,,病理学,十门联考
70034,,病理学,十门联考
70035,,病理学,十门联考
70036,,病理学,十门联考
70037,,病理学,十门联考
70038,,病理学,十门联考
70039,,病理学,十门联考
70040,,病理学,十门联考
70041,,病理学,十门联考
70042,,病理学,十门联考
70043,,病理学,十门联考
70044,,病理学,十门联考
70045,,病理学,十门联考
70046,,病理学,十门联考
70047,,病理学,十门联考
70048,,病理学,十门联考
70049,,病理学,十门联考
70050,,病理学,十门联考
70051,,病理学,十门联考
70052,,病理学,十门联考
70053,,病理学,十门联考
70054,,病理学,十门联考
70055,,病理学,十门联考
70056,,病理学,十门联考
70057,,病理学,十门联考
70058,,病理学,十门联考
70059,,病理学,十门联考
70060,,病理学,十门联考
70061,,病理学,十门联考
70062,,病理学,十门联考
70063,,病理学,十门联考
70064,,病理学,十门联考
70065,,病理学,十门联考
70066,,病理学,十门联考
70067,,病理学,十门联考
70068,,病理学,十门联考
70069,,病理学,十门联考
70070,,病理学,十门联考
70071,,病理学,十门联考
70072,,病理学,十门联考
70073,,病理学,十门联考
70074,,病理学,十门联考
70075,,病理学,十门联考
70076,,病理学,十门联考
70077,,病理学,十门联考
70078,,病理学,十门联考
70079,,病理学,十门联考
70080,,病理学,十门联考
70081,,病理学,十门联考
70082,,病理学,十门联考
70083,,病理学,十门联考
70084,,病理学,十门联考
70085,,病理学,十门联考
70086,,病理学,十门联考
70087,,病理学,十门联考
70088,,病理学,十门联考
70089,,病理学,十门联考
70090,,病理学,十门联考
70091,,病理学,十门联考
70092,,病理学,十门联考
70093,,病理学,十门联考
70094,,病理学,十门联考
70095,,病理学,十门联考
70096,,病理学,十门联考
70097,,病理学,十门联考
70098,,病理学,十门联考
70099,,病理学,十门联考
70100,,病理学,十门联考
70101,,病理学,十门联考
70102,,病理学,十门联考
70103,,病理学,十门联考
70104,,病理学,十门联考
70105,,病理学,十门联考
70106,,病理学,十门联考
70107,,病理学,十门联考
70108,,病理学,十门联考
70109,,病理学,十门联考
70110,,病理学,十门联考
70111,,病理学,十门联考
70112,,病理学,十门联考
70113,,病理学,十门联考
70114,,病理学,十门联考
70115,,病理学,十门联考
70116,,病理学,十门联考
70117,,病理学,十门联考
70118,,病理学,十门联考
70119,,病理学,十门联考
70120,,病理学,十门联考
70121,,病理学,十门联考
70122,,病理学,十门联考
70123,,病理学,十门联考
70124,,病理学,十门联考
70125,,病理学,十门联考
70126,,病理学,十门联考
70127,,病理学,十门联考
70128,,病理学,十门联考
70129,,病理学,十门联考
70130,,病理学,十门联考
70131,,病理学,十门联考
70132,,病理学,十门联考
70133,,病理学,十门联考
70134,,病理学,十门联考
70135,,病理学,十门联考
70136,,病理学,十门联考
70137,,病理学,十门联考
70138,,病理学,十门联考
70139,,病理学,十门联考
70140,,病理学,十门联考
70141,,病理学,十门联考
70142,,病理学,十门联考
70143,,病理学,十门联考
70144,,病理学,十门联考
70145,,病理学,十门联考
70146,,病理学,十门联考
70147,,病理学,十门联考
70148,,病理学,十门联考
70149,,病理学,十门联考
70150,,病理学,十门联考
70151,,病理学,十门联考
70152,,病理学,十门联考
70153,,病理学,十门联考
70154,,病理学,十门联考
70155,,病理学,十门联考
70156,,病理学,十门联考
70157,,病理学,十门联考
70158,,病理学,十门联考
70159,,病理学,十门联考
70160,,病理学,十门联考
70161,,病理学,十门联考
70162,,病理学,十门联考
70163,,病理学,十门联考
70164,,病理学,十门联考
70165,,病理学,十门联考
70166,,病理学,十门联考
70167,,病理学,十门联考
70168,,病理学,十门联考
70169,,病理学,十门联考
70170,,病理学,十门联考
70171,,病理学,十门联考
70172,,病理学,十门联考
70173,,病理学,十门联考
70174,,病理学,十门联考
70175,,病理学,十门联考
70176,,病理学,十门联考
70177,,病理学,十门联考
70178,,病理学,十门联考
70179,,病理学,十门联考
70180,,病理学,十门联考
70181,,病理学,十门联考
70182,,病理学,十门联考
70183,,病理学,十门联考
70184,,病理学,十门联考
70185,,病理学,十门联考
70186,,病理学,十门联考
70187,,病理学,十门联考
70188,,病理学,十门联考
70189,,病理学,十门联考
70190,,病理学,十门联考
70191,,病理学,十门联考
70192,,病理学,十门联考
70193,,病理学,十门联考
70194,,病理学,十门联考
70195,,病理学,十门联考
70196,,病理学,十门联考
70197,,病理学,十门联考
70198,,病理学,十门联考
70199,,病理学,十门联考
70200,,病理学,十门联考
70201,,病理学,十门联考
70202,,病理学,十门联考
70203,,病理学,十门联考
70204,,病理学,十门联考
70205,,病理学,十门联考
70206,,病理学,十门联考
70207,,病理学,十门联考
70208,,病理学,十门联考
70209,,病理学,十门联考
70210,,病理学,十门联考
70211,,病理学,十门联考
70212,,病理学,十门联考
70213,,病理学,十门联考
70214,,病理学,十门联考
70215,,病理学,十门联考
70216,,病理学,十门联考
70217,,病理学,十门联考
70218,,病理学,十门联考
70219,,病理学,十门联考
70220,,病理学,十门联考
70221,,病理学,十门联考
70222,,病理学,十门联考
70223,,病理学,十门联考
70224,,病理学,十门联考
70225,,病理学,十门联考
70226,,病理学,十门联考
70227,,病理学,十门联考
70228,,病理学,十门联考
70229,,病理学,十门联考
70230,,病理学,十门联考
70231,,病理学,十门联考
70232,,病理学,十门联考
70233,,病理学,十门联考
70234,,病理学,十门联考
70235,,病理学,十门联考
70236,,病理学,十门联考
70237,,病理学,十门联考
70238,,病理学,十门联考
70239,,病理学,十门联考
70240,,病理学,十门联考
70241,,病理学,十门联考
70242,,病理学,十门联考
70243,,病理学,十门联考
70244,,病理学,十门联考
70245,,病理学,十门联考
70246,,病理学,十门联考
70247,,病理学,十门联考
70248,,病理学,十门联考
70249,,病理学,十门联考
70250,,病理学,十门联考
70251,,病理学,十门联考
70252,,病理学,十门联考
70253,,病理学,十门联考
70254,,病理学,十门联考
70255,,病理学,十门联考
70256,,病理学,十门联考
70257,,病理学,十门联考
70258,,病理学,十门联考
70259,,病理学,十门联考
70260,,病理学,十门联考
70261,,病理学,十门联考
70262,,病理学,十门联考
70263,,病理学,十门联考
70264,,病理学,十门联考
70265,,病理学,十门联考
70266,,病理学,十门联考
70267,,病理学,十门联考
70268,,病理学,十门联考
70269,,病理学,十门联考
70270,,病理学,十门联考
70271,,病理学,十门联考
70272,,病理学,十门联考
70273,,病理学,十门联考
70274,,病理学,十门联考
70275,,病理学,十门联考
70276,,病理学,十门联考
70277,,病理学,十门联考
70278,,病理学,十门联考
70279,,病理学,十门联考
70280,,病理学,十门联考
70281,,病理学,十门联考
70282,,病理学,十门联考
70283,,病理学,十门联考
70284,,病理学,十门联考
70285,,病理学,十门联考
70286,,病理学,十门联考
70287,,病理学,十门联考
70288,,病理学,十门联考
70289,,病理学,十门联考
70290,,病理学,十门联考
70291,,病理学,十门联考
70292,,病理学,十门联考
70293,,病理学,十门联考
70294,,病理学,十门联考
70295,,病理学,十门联考
70296,,病理学,十门联考
70297,,病理学,十门联考
70298,,病理学,十门联考
70299,,病理学,十门联考
70300,,病理学,十门联考
70301,,病理学,十门联考
70302,,病理学,十门联考
70303,,病理学,十门联考
70304,,病理学,十门联考
70305,,病理学,十门联考
70306,,病理学,十门联考
70307,,病理学,十门联考
70308,,病理学,十门联考
70309,,病理学,十门联考
70310,,病理学,十门联考
70311,,病理学,十门联考
70312,,病理学,十门联考
70313,,病理学,十门联考
70314,,病理学,十门联考
70315,,病理学,十门联考
70316,,病理学,十门联考
70317,,病理学,十门联考
70318,,病理学,十门联考
70319,,病理学,十门联考
70320,,病理学,十门联考
70321,,病理学,十门联考
70322,,病理学,十门联考
70323,,病理学,十门联考
70324,,病理学,十门联考
70325,,病理学,十门联考
70326,,病理学,十门联考
70327,,病理学,十门联考
70328,,病理学,十门联考
70329,,病理学,十门联考
70330,,病理学,十门联考
70331,,病理学,十门联考
80001,,医学免疫学,十门联考
80002,,医学免疫学,十门联考
80003,,医学免疫学,十门联考
80004,,医学免疫学,十门联考
80005,,医学免疫学,十门联考
80006,,医学免疫学,十门联考
80007,,医学免疫学,十门联考
80008,,医学免疫学,十门联考
80009,,医学免疫学,十门联考
80010,,医学免疫学,十门联考
80011,,医学免疫学,十门联考
80012,,医学免疫学,十门联考
80013,,医学免疫学,十门联考
80014,,医学免疫学,十门联考
80015,,医学免疫学,十门联考
80016,,医学免疫学,十门联考
80017,,医学免疫学,十门联考
80018,,医学免疫学,十门联考
80019,,医学免疫学,十门联考
80020,,医学免疫学,十门联考
80021,,医学免疫学,十门联考
80022,,医学免疫学,十门联考
80023,,医学免疫学,十门联考
80024,,医学免疫学,十门联考
80025,,医学免疫学,十门联考
80026,,医学免疫学,十门联考
80027,,医学免疫学,十门联考
80028,,医学免疫学,十门联考
80029,,医学免疫学,十门联考
80030,,医学免疫学,十门联考
80031,,医学免疫学,十门联考
80032,,医学免疫学,十门联考
80033,,医学免疫学,十门联考
80034,,医学免疫学,十门联考
80035,,医学免疫学,十门联考
80036,,医学免疫学,十门联考
80037,,医学免疫学,十门联考
80038,,医学免疫学,十门联考
80039,,医学免疫学,十门联考
80040,,医学免疫学,十门联考
80041,,医学免疫学,十门联考
80042,,医学免疫学,十门联考
80043,,医学免疫学,十门联考
80044,,医学免疫学,十门联考
80045,,医学免疫学,十门联考
80046,,医学免疫学,十门联考
80047,,医学免疫学,十门联考
80048,,医学免疫学,十门联考
80049,,医学免疫学,十门联考
80050,,医学免疫学,十门联考
80051,,医学免疫学,十门联考
80052,,医学免疫学,十门联考
80053,,医学免疫学,十门联考
80054,,医学免疫学,十门联考
80055,,医学免疫学,十门联考
80056,,医学免疫学,十门联考
80057,,医学免疫学,十门联考
80058,,医学免疫学,十门联考
80059,,医学免疫学,十门联考
80060,,医学免疫学,十门联考
80061,,医学免疫学,十门联考
80062,,医学免疫学,十门联考
80063,,医学免疫学,十门联考
80064,,医学免疫学,十门联考
80065,,医学免疫学,十门联考
80066,,医学免疫学,十门联考
80067,,医学免疫学,十门联考
80068,,医学免疫学,十门联考
80069,,医学免疫学,十门联考
80070,,医学免疫学,十门联考
80071,,医学免疫学,十门联考
80072,,医学免疫学,十门联考
80073,,医学免疫学,十门联考
80074,,医学免疫学,十门联考
80075,,医学免疫学,十门联考
80076,,医学免疫学,十门联考
80077,,医学免疫学,十门联考
80078,,医学免疫学,十门联考
80079,,医学免疫学,十门联考
80080,,医学免疫学,十门联考
80081,,医学免疫学,十门联考
80082,,医学免疫学,十门联考
80083,,医学免疫学,十门联考
80084,,医学免疫学,十门联考
80085,,医学免疫学,十门联考
80086,,医学免疫学,十门联考
80087,,医学免疫学,十门联考
80088,,医学免疫学,十门联考
80089,,医学免疫学,十门联考
80090,,医学免疫学,十门联考
80091,,医学免疫学,十门联考
80092,,医学免疫学,十门联考
80093,,医学免疫学,十门联考
80094,,医学免疫学,十门联考
80095,,医学免疫学,十门联考
80096,,医学免疫学,十门联考
80097,,医学免疫学,十门联考
80098,,医学免疫学,十门联考
80099,,医学免疫学,十门联考
80100,,医学免疫学,十门联考
80101,,医学免疫学,十门联考
80102,,医学免疫学,十门联考
80103,,医学免疫学,十门联考
80104,,医学免疫学,十门联考
80105,,医学免疫学,十门联考
80106,,医学免疫学,十门联考
80107,,医学免疫学,十门联考
80108,,医学免疫学,十门联考
80109,,医学免疫学,十门联考
80110,,医学免疫学,十门联考
80111,,医学免疫学,十门联考
80112,,医学免疫学,十门联考
80113,,医学免疫学,十门联考
80114,,医学免疫学,十门联考
80115,,医学免疫学,十门联考
80116,,医学免疫学,十门联考
80117,,医学免疫学,十门联考
80118,,医学免疫学,十门联考
80119,,医学免疫学,十门联考
80120,,医学免疫学,十门联考
80121,,医学免疫学,十门联考
80122,,医学免疫学,十门联考
80123,,医学免疫学,十门联考
80124,,医学免疫学,十门联考
80125,,医学免疫学,十门联考
80126,,医学免疫学,十门联考
80127,,医学免疫学,十门联考
80128,,医学免疫学,十门联考
80129,,医学免疫学,十门联考
80130,,医学免疫学,十门联考
80131,,医学免疫学,十门联考
80132,,医学免疫学,十门联考
80133,,医学免疫学,十门联考
80134,,医学免疫学,十门联考
80135,,医学免疫学,十门联考
80136,,医学免疫学,十门联考
80137,,医学免疫学,十门联考
80138,,医学免疫学,十门联考
80139,,医学免疫学,十门联考
80140,,医学免疫学,十门联考
80141,,医学免疫学,十门联考
80142,,医学免疫学,十门联考
80143,,医学免疫学,十门联考
80144,,医学免疫学,十门联考
80145,,医学免疫学,十门联考
80146,,医学免疫学,十门联考
80147,,医学免疫学,十门联考
80148,,医学免疫学,十门联考
80149,,医学免疫学,十门联考
80150,,医学免疫学,十门联考
80151,,医学免疫学,十门联考
80152,,医学免疫学,十门联考
80153,,医学免疫学,十门联考
80154,,医学免疫学,十门联考
80155,,医学免疫学,十门联考
80156,,医学免疫学,十门联考
80157,,医学免疫学,十门联考
80158,,医学免疫学,十门联考
80159,,医学免疫学,十门联考
80160,,医学免疫学,十门联考
80161,,医学免疫学,十门联考
80162,,医学免疫学,十门联考
80163,,医学免疫学,十门联考
80164,,医学免疫学,十门联考
80165,,医学免疫学,十门联考
80166,,医学免疫学,十门联考
80167,,医学免疫学,十门联考
80168,,医学免疫学,十门联考
80169,,医学免疫学,十门联考
80170,,医学免疫学,十门联考
80171,,医学免疫学,十门联考
80172,,医学免疫学,十门联考
80173,,医学免疫学,十门联考
80174,,医学免疫学,十门联考
80175,,医学免疫学,十门联考
80176,,医学免疫学,十门联考
80177,,医学免疫学,十门联考
80178,,医学免疫学,十门联考
80179,,医学免疫学,十门联考
80180,,医学免疫学,十门联考
80181,,医学免疫学,十门联考
80182,,医学免疫学,十门联考
80183,,医学免疫学,十门联考
80184,,医学免疫学,十门联考
80185,,医学免疫学,十门联考
80186,,医学免疫学,十门联考
80187,,医学免疫学,十门联考
80188,,医学免疫学,十门联考
80189,,医学免疫学,十门联考
80190,,医学免疫学,十门联考
80191,,医学免疫学,十门联考
80192,,医学免疫学,十门联考
80193,,医学免疫学,十门联考
80194,,医学免疫学,十门联考
80195,,医学免疫学,十门联考
80196,,医学免疫学,十门联考
80197,,医学免疫学,十门联考
80198,,医学免疫学,十门联考
80199,,医学免疫学,十门联考
80200,,医学免疫学,十门联考
80201,,医学免疫学,十门联考
80202,,医学免疫学,十门联考
80203,,医学免疫学,十门联考
80204,,医学免疫学,十门联考
80205,,医学免疫学,十门联考
80206,,医学免疫学,十门联考
80207,,医学免疫学,十门联考
80208,,医学免疫学,十门联考
80209,,医学免疫学,十门联考
80210,,医学免疫学,十门联考
80211,,医学免疫学,十门联考
80212,,医学免疫学,十门联考
80213,,医学免疫学,十门联考
80214,,医学免疫学,十门联考
80215,,医学免疫学,十门联考
80216,,医学免疫学,十门联考
80217,,医学免疫学,十门联考
80218,,医学免疫学,十门联考
80219,,医学免疫学,十门联考
80220,,医学免疫学,十门联考
80221,,医学免疫学,十门联考
80222,,医学免疫学,十门联考
80223,,医学免疫学,十门联考
80224,,医学免疫学,十门联考
80225,,医学免疫学,十门联考
80226,,医学免疫学,十门联考
80227,,医学免疫学,十门联考
80228,,医学免疫学,十门联考
80229,,医学免疫学,十门联考
80230,,医学免疫学,十门联考
80231,,医学免疫学,十门联考
80232,,医学免疫学,十门联考
80233,,医学免疫学,十门联考
80234,,医学免疫学,十门联考
80235,,医学免疫学,十门联考
80236,,医学免疫学,十门联考
80237,,医学免疫学,十门联考
80238,,医学免疫学,十门联考
80239,,医学免疫学,十门联考
80240,,医学免疫学,十门联考
80241,,医学免疫学,十门联考
80242,,医学免疫学,十门联考
80243,,医学免疫学,十门联考
80244,,医学免疫学,十门联考
80245,,医学免疫学,十门联考
80246,,医学免疫学,十门联考
80247,,医学免疫学,十门联考
80248,,医学免疫学,十门联考
80249,,医学免疫学,十门联考
80250,,医学免疫学,十门联考
80251,,医学免疫学,十门联考
80252,,医学免疫学,十门联考
80253,,医学免疫学,十门联考
80254,,医学免疫学,十门联考
80255,,医学免疫学,十门联考
80256,,医学免疫学,十门联考
80257,,医学免疫学,十门联考
80258,,医学免疫学,十门联考
80259,,医学免疫学,十门联考
80260,,医学免疫学,十门联考
80261,,医学免疫学,十门联考
80262,,医学免疫学,十门联考
80263,,医学免疫学,十门联考
80264,,医学免疫学,十门联考
80265,,医学免疫学,十门联考
80266,,医学免疫学,十门联考
80267,,医学免疫学,十门联考
80268,,医学免疫学,十门联考
80269,,医学免疫学,十门联考
80270,,医学免疫学,十门联考
80271,,医学免疫学,十门联考
80272,,医学免疫学,十门联考
80273,,医学免疫学,十门联考
80274,,医学免疫学,十门联考
80275,,医学免疫学,十门联考
80276,,医学免疫学,十门联考
80277,,医学免疫学,十门联考
80278,,医学免疫学,十门联考
80279,,医学免疫学,十门联考
80280,,医学免疫学,十门联考
80281,,医学免疫学,十门联考
80282,,医学免疫学,十门联考
80283,,医学免疫学,十门联考
80284,,医学免疫学,十门联考
80285,,医学免疫学,十门联考
80286,,医学免疫学,十门联考
80287,,医学免疫学,十门联考
80288,,医学免疫学,十门联考
80289,,医学免疫学,十门联考
80290,,医学免疫学,十门联考
80291,,医学免疫学,十门联考
80292,,医学免疫学,十门联考
80293,,医学免疫学,十门联考
80294,,医学免疫学,十门联考
80295,,医学免疫学,十门联考
80296,,医学免疫学,十门联考
80297,,医学免疫学,十门联考
80298,,医学免疫学,十门联考
80299,,医学免疫学,十门联考
80300,,医学免疫学,十门联考
80301,,医学免疫学,十门联考
80302,,医学免疫学,十门联考
80303,,医学免疫学,十门联考
80304,,医学免疫学,十门联考
80305,,医学免疫学,十门联考
80306,,医学免疫学,十门联考
90001,,微生物学,十门联考
90002,,微生物学,十门联考
90003,,微生物学,十门联考
90004,,微生物学,十门联考
90005,,微生物学,十门联考
90006,,微生物学,十门联考
90007,,微生物学,十门联考
90008,,微生物学,十门联考
90009,,微生物学,十门联考
90010,,微生物学,十门联考
90011,,微生物学,十门联考
90012,,微生物学,十门联考
90013,,微生物学,十门联考
90014,,微生物学,十门联考
90015,,微生物学,十门联考
90016,,微生物学,十门联考
90017,,微生物学,十门联考
90018,,微生物学,十门联考
90019,,微生物学,十门联考
90020,,微生物学,十门联考
90021,,微生物学,十门联考
90022,,微生物学,十门联考
90023,,微生物学,十门联考
90024,,微生物学,十门联考
90025,,微生物学,十门联考
90026,,微生物学,十门联考
90027,,微生物学,十门联考
90028,,微生物学,十门联考
90029,,微生物学,十门联考
90030,,微生物学,十门联考
90031,,微生物学,十门联考
90032,,微生物学,十门联考
90033,,微生物学,十门联考
90034,,微生物学,十门联考
90035,,微生物学,十门联考
90036,,微生物学,十门联考
90037,,微生物学,十门联考
90038,,微生物学,十门联考
90039,,微生物学,十门联考
90040,,微生物学,十门联考
90041,,微生物学,十门联考
90042,,微生物学,十门联考
90043,,微生物学,十门联考
90044,,微生物学,十门联考
90045,,微生物学,十门联考
90046,,微生物学,十门联考
90047,,微生物学,十门联考
90048,,微生物学,十门联考
90049,,微生物学,十门联考
90050,,微生物学,十门联考
90051,,微生物学,十门联考
90052,,微生物学,十门联考
90053,,微生物学,十门联考
90054,,微生物学,十门联考
90055,,微生物学,十门联考
90056,,微生物学,十门联考
90057,,微生物学,十门联考
90058,,微生物学,十门联考
90059,,微生物学,十门联考
90060,,微生物学,十门联考
90061,,微生物学,十门联考
90062,,微生物学,十门联考
90063,,微生物学,十门联考
90064,,微生物学,十门联考
90065,,微生物学,十门联考
90066,,微生物学,十门联考
90067,,微生物学,十门联考
90068,,微生物学,十门联考
90069,,微生物学,十门联考
90070,,微生物学,十门联考
90071,,微生物学,十门联考
90072,,微生物学,十门联考
90073,,微生物学,十门联考
90074,,微生物学,十门联考
90075,,微生物学,十门联考
90076,,微生物学,十门联考
90077,,微生物学,十门联考
90078,,微生物学,十门联考
90079,,微生物学,十门联考
90080,,微生物学,十门联考
90081,,微生物学,十门联考
90082,,微生物学,十门联考
90083,,微生物学,十门联考
90084,,微生物学,十门联考
90085,,微生物学,十门联考
90086,,微生物学,十门联考
90087,,微生物学,十门联考
90088,,微生物学,十门联考
90089,,微生物学,十门联考
90090,,微生物学,十门联考
90091,,微生物学,十门联考
90092,,微生物学,十门联考
90093,,微生物学,十门联考
90094,,微生物学,十门联考
90095,,微生物学,十门联考
90096,,微生物学,十门联考
90097,,微生物学,十门联考
90098,,微生物学,十门联考
90099,,微生物学,十门联考
90100,,微生物学,十门联考
90101,,微生物学,十门联考
90102,,微生物学,十门联考
90103,,微生物学,十门联考
90104,,微生物学,十门联考
90105,,微生物学,十门联考
90106,,微生物学,十门联考
90107,,微生物学,十门联考
90108,,微生物学,十门联考
90109,,微生物学,十门联考
90110,,微生物学,十门联考
90111,,微生物学,十门联考
90112,,微生物学,十门联考
90113,,微生物学,十门联考
90114,,微生物学,十门联考
90115,,微生物学,十门联考
90116,,微生物学,十门联考
90117,,微生物学,十门联考
90118,,微生物学,十门联考
90119,,微生物学,十门联考
90120,,微生物学,十门联考
90121,,微生物学,十门联考
90122,,微生物学,十门联考
90123,,微生物学,十门联考
90124,,微生物学,十门联考
90125,,微生物学,十门联考
90126,,微生物学,十门联考
90127,,微生物学,十门联考
90128,,微生物学,十门联考
90129,,微生物学,十门联考
90130,,微生物学,十门联考
90131,,微生物学,十门联考
90132,,微生物学,十门联考
90133,,微生物学,十门联考
90134,,微生物学,十门联考
90135,,微生物学,十门联考
90136,,微生物学,十门联考
90137,,微生物学,十门联考
90138,,微生物学,十门联考
90139,,微生物学,十门联考
90140,,微生物学,十门联考
90141,,微生物学,十门联考
90142,,微生物学,十门联考
90143,,微生物学,十门联考
90144,,微生物学,十门联考
90145,,微生物学,十门联考
90146,,微生物学,十门联考
90147,,微生物学,十门联考
90148,,微生物学,十门联考
90149,,微生物学,十门联考
90150,,微生物学,十门联考
90151,,微生物学,十门联考
90152,,微生物学,十门联考
90153,,微生物学,十门联考
90154,,微生物学,十门联考
90155,,微生物学,十门联考
90156,,微生物学,十门联考
90157,,微生物学,十门联考
90158,,微生物学,十门联考
90159,,微生物学,十门联考
90160,,微生物学,十门联考
90161,,微生物学,十门联考
90162,,微生物学,十门联考
90163,,微生物学,十门联考
90164,,微生物学,十门联考
90165,,微生物学,十门联考
90166,,微生物学,十门联考
90167,,微生物学,十门联考
90168,,微生物学,十门联考
90169,,微生物学,十门联考
90170,,微生物学,十门联考
90171,,微生物学,十门联考
90172,,微生物学,十门联考
90173,,微生物学,十门联考
90174,,微生物学,十门联考
90175,,微生物学,十门联考
90176,,微生物学,十门联考
90177,,微生物学,十门联考
90178,,微生物学,十门联考
90179,,微生物学,十门联考
90180,,微生物学,十门联考
90181,,微生物学,十门联考
90182,,微生物学,十门联考
90183,,微生物学,十门联考
90184,,微生物学,十门联考
90185,,微生物学,十门联考
90186,,微生物学,十门联考
90187,,微生物学,十门联考
90188,,微生物学,十门联考
90189,,微生物学,十门联考
90190,,微生物学,十门联考
90191,,微生物学,十门联考
90192,,微生物学,十门联考
90193,,微生物学,十门联考
90194,,微生物学,十门联考
90195,,微生物学,十门联考
90196,,微生物学,十门联考
90197,,微生物学,十门联考
90198,,微生物学,十门联考
90199,,微生物学,十门联考
90200,,微生物学,十门联考
90201,,微生物学,十门联考
90202,,微生物学,十门联考
90203,,微生物学,十门联考
90204,,微生物学,十门联考
90205,,微生物学,十门联考
90206,,微生物学,十门联考
90207,,微生物学,十门联考
90208,,微生物学,十门联考
90209,,微生物学,十门联考
90210,,微生物学,十门联考
90211,,微生物学,十门联考
90212,,微生物学,十门联考
90213,,微生物学,十门联考
90214,,微生物学,十门联考
90215,,微生物学,十门联考
90216,,微生物学,十门联考
90217,,微生物学,十门联考
90218,,微生物学,十门联考
90219,,微生物学,十门联考
90220,,微生物学,十门联考
90221,,微生物学,十门联考
90222,,微生物学,十门联考
90223,,微生物学,十门联考
90224,,微生物学,十门联考
90225,,微生物学,十门联考
90226,,微生物学,十门联考
90227,,微生物学,十门联考
90228,,微生物学,十门联考
90229,,微生物学,十门联考
90230,,微生物学,十门联考
90231,,微生物学,十门联考
90232,,微生物学,十门联考
90233,,微生物学,十门联考
90234,,微生物学,十门联考
90235,,微生物学,十门联考
90236,,微生物学,十门联考
90237,,微生物学,十门联考
90238,,微生物学,十门联考
90239,,微生物学,十门联考
90240,,微生物学,十门联考
90241,,微生物学,十门联考
90242,,微生物学,十门联考
90243,,微生物学,十门联考
90244,,微生物学,十门联考
90245,,微生物学,十门联考
90246,,微生物学,十门联考
90247,,微生物学,十门联考
90248,,微生物学,十门联考
90249,,微生物学,十门联考
90250,,微生物学,十门联考
90251,,微生物学,十门联考
90252,,微生物学,十门联考
90253,,微生物学,十门联考
90254,,微生物学,十门联考
90255,,微生物学,十门联考
90256,,微生物学,十门联考
90257,,微生物学,十门联考
90258,,微生物学,十门联考
90259,,微生物学,十门联考
90260,,微生物学,十门联考
90261,,微生物学,十门联考
90262,,微生物学,十门联考
90263,,微生物学,十门联考
90264,,微生物学,十门联考
90265,,微生物学,十门联考
90266,,微生物学,十门联考
90267,,微生物学,十门联考
90268,,微生物学,十门联考
90269,,微生物学,十门联考
90270,,微生物学,十门联考
90271,,微生物学,十门联考
90272,,微生物学,十门联考
90273,,微生物学,十门联考
90274,,微生物学,十门联考
90275,,微生物学,十门联考
90276,,微生物学,十门联考
90277,,微生物学,十门联考
90278,,微生物学,十门联考
90279,,微生物学,十门联考
90280,,微生物学,十门联考
90281,,微生物学,十门联考
90282,,微生物学,十门联考
90283,,微生物学,十门联考
90284,,微生物学,十门联考
90285,,微生物学,十门联考
90286,,微生物学,十门联考
90287,,微生物学,十门联考
90288,,微生物学,十门联考
90289,,微生物学,十门联考
90290,,微生物学,十门联考
90291,,微生物学,十门联考
90292,,微生物学,十门联考
90293,,微生物学,十门联考
90294,,微生物学,十门联考
90295,,微生物学,十门联考
90296,,微生物学,十门联考
90297,,微生物学,十门联考
90298,,微生物学,十门联考
90299,,微生物学,十门联考
90300,,微生物学,十门联考
90301,,微生物学,十门联考
90302,,微生物学,十门联考
90303,,微生物学,十门联考
90304,,微生物学,十门联考
90305,,微生物学,十门联考
90306,,微生物学,十门联考
90307,,微生物学,十门联考
90308,,微生物学,十门联考
90309,,微生物学,十门联考
90310,,微生物学,十门联考
90311,,微生物学,十门联考
90312,,微生物学,十门联考
90313,,微生物学,十门联考
90314,,微生物学,十门联考
90315,,微生物学,十门联考
90316,,微生物学,十门联考
90317,,微生物学,十门联考
90318,,微生物学,十门联考
90319,,微生物学,十门联考
90320,,微生物学,十门联考
90321,,微生物学,十门联考
90322,,微生物学,十门联考
90323,,微生物学,十门联考
90324,,微生物学,十门联考
90325,,微生物学,十门联考
90326,,微生物学,十门联考
90327,,微生物学,十门联考
91001,,药理学,十门联考
91002,,药理学,十门联考
91003,,药理学,十门联考
91004,,药理学,十门联考
91005,,药理学,十门联考
91006,,药理学,十门联考
91007,,药理学,十门联考
91008,,药理学,十门联考
91009,,药理学,十门联考
91010,,药理学,十门联考
91011,,药理学,十门联考
91012,,药理学,十门联考
91013,,药理学,十门联考
91014,,药理学,十门联考
91015,,药理学,十门联考
91016,,药理学,十门联考
91017,,药理学,十门联考
91018,,药理学,十门联考
91019,,药理学,十门联考
91020,,药理学,十门联考
91021,,药理学,十门联考
91022,,药理学,十门联考
91023,,药理学,十门联考
91024,,药理学,十门联考
91025,,药理学,十门联考
91026,,药理学,十门联考
91027,,药理学,十门联考
91028,,药理学,十门联考
91029,,药理学,十门联考
91030,,药理学,十门联考
91031,,药理学,十门联考
91032,,药理学,十门联考
91033,,药理学,十门联考
91034,,药理学,十门联考
91035,,药理学,十门联考
91036,,药理学,十门联考
91037,,药理学,十门联考
91038,,药理学,十门联考
91039,,药理学,十门联考
91040,,药理学,十门联考
91041,,药理学,十门联考
91042,,药理学,十门联考
91043,,药理学,十门联考
91044,,药理学,十门联考
91045,,药理学,十门联考
91046,,药理学,十门联考
91047,,药理学,十门联考
91048,,药理学,十门联考
91049,,药理学,十门联考
91050,,药理学,十门联考
91051,,药理学,十门联考
91052,,药理学,十门联考
91053,,药理学,十门联考
91054,,药理学,十门联考
91055,,药理学,十门联考
91056,,药理学,十门联考
91057,,药理学,十门联考
91058,,药理学,十门联考
91059,,药理学,十门联考
91060,,药理学,十门联考
91061,,药理学,十门联考
91062,,药理学,十门联考
91063,,药理学,十门联考
91064,,药理学,十门联考
91065,,药理学,十门联考
91066,,药理学,十门联考
91067,,药理学,十门联考
91068,,药理学,十门联考
91069,,药理学,十门联考
91070,,药理学,十门联考
91071,,药理学,十门联考
91072,,药理学,十门联考
91073,,药理学,十门联考
91074,,药理学,十门联考
91075,,药理学,十门联考
91076,,药理学,十门联考
91077,,药理学,十门联考
91078,,药理学,十门联考
91079,,药理学,十门联考
91080,,药理学,十门联考
91081,,药理学,十门联考
91082,,药理学,十门联考
91083,,药理学,十门联考
91084,,药理学,十门联考
91085,,药理学,十门联考
91086,,药理学,十门联考
91087,,药理学,十门联考
91088,,药理学,十门联考
91089,,药理学,十门联考
91090,,药理学,十门联考
91091,,药理学,十门联考
91092,,药理学,十门联考
91093,,药理学,十门联考
91094,,药理学,十门联考
91095,,药理学,十门联考
91096,,药理学,十门联考
91097,,药理学,十门联考
91098,,药理学,十门联考
91099,,药理学,十门联考
91100,,药理学,十门联考
91101,,药理学,十门联考
91102,,药理学,十门联考
91103,,药理学,十门联考
91104,,药理学,十门联考
91105,,药理学,十门联考
91106,,药理学,十门联考
91107,,药理学,十门联考
91108,,药理学,十门联考
91109,,药理学,十门联考
91110,,药理学,十门联考
91111,,药理学,十门联考
91112,,药理学,十门联考
91113,,药理学,十门联考
91114,,药理学,十门联考
91115,,药理学,十门联考
91116,,药理学,十门联考
91117,,药理学,十门联考
91118,,药理学,十门联考
91119,,药理学,十门联考
91120,,药理学,十门联考
91121,,药理学,十门联考
91122,,药理学,十门联考
91123,,药理学,十门联考
91124,,药理学,十门联考
91125,,药理学,十门联考
91126,,药理学,十门联考
91127,,药理学,十门联考
91128,,药理学,十门联考
91129,,药理学,十门联考
91130,,药理学,十门联考
91131,,药理学,十门联考
91132,,药理学,十门联考
91133,,药理学,十门联考
91134,,药理学,十门联考
91135,,药理学,十门联考
91136,,药理学,十门联考
91137,,药理学,十门联考
91138,,药理学,十门联考
91139,,药理学,十门联考
91140,,药理学,十门联考
91141,,药理学,十门联考
91142,,药理学,十门联考
91143,,药理学,十门联考
91144,,药理学,十门联考
91145,,药理学,十门联考
91146,,药理学,十门联考
91147,,药理学,十门联考
91148,,药理学,十门联考
91149,,药理学,十门联考
91150,,药理学,十门联考
91151,,药理学,十门联考
91152,,药理学,十门联考
91153,,药理学,十门联考
91154,,药理学,十门联考
91155,,药理学,十门联考
91156,,药理学,十门联考
91157,,药理学,十门联考
91158,,药理学,十门联考
91159,,药理学,十门联考
91160,,药理学,十门联考
91161,,药理学,十门联考
91162,,药理学,十门联考
91163,,药理学,十门联考
91164,,药理学,十门联考
91165,,药理学,十门联考
91166,,药理学,十门联考
91167,,药理学,十门联考
91168,,药理学,十门联考
91169,,药理学,十门联考
91170,,药理学,十门联考
91171,,药理学,十门联考
91172,,药理学,十门联考
91173,,药理学,十门联考
91174,,药理学,十门联考
91175,,药理学,十门联考
91176,,药理学,十门联考
91177,,药理学,十门联考
91178,,药理学,十门联考
91179,,药理学,十门联考
91180,,药理学,十门联考
91181,,药理学,十门联考
91182,,药理学,十门联考
91183,,药理学,十门联考
91184,,药理学,十门联考
91185,,药理学,十门联考
91186,,药理学,十门联考
91187,,药理学,十门联考
91188,,药理学,十门联考
91189,,药理学,十门联考
91190,,药理学,十门联考
91191,,药理学,十门联考
91192,,药理学,十门联考
91193,,药理学,十门联考
91194,,药理学,十门联考
91195,,药理学,十门联考
91196,,药理学,十门联考
91197,,药理学,十门联考
91198,,药理学,十门联考
91199,,药理学,十门联考
91200,,药理学,十门联考
91201,,药理学,十门联考
91202,,药理学,十门联考
91203,,药理学,十门联考
91204,,药理学,十门联考
91205,,药理学,十门联考
91206,,药理学,十门联考
91207,,药理学,十门联考
91208,,药理学,十门联考
91209,,药理学,十门联考
91210,,药理学,十门联考
91211,,药理学,十门联考
91212,,药理学,十门联考
91213,,药理学,十门联考
91214,,药理学,十门联考
91215,,药理学,十门联考
91216,,药理学,十门联考
91217,,药理学,十门联考
91218,,药理学,十门联考
91219,,药理学,十门联考
91220,,药理学,十门联考
91221,,药理学,十门联考
91222,,药理学,十门联考
91223,,药理学,十门联考
91224,,药理学,十门联考
91225,,药理学,十门联考
91226,,药理学,十门联考
91227,,药理学,十门联考
91228,,药理学,十门联考
91229,,药理学,十门联考
91230,,药理学,十门联考
91231,,药理学,十门联考
91232,,药理学,十门联考
91233,,药理学,十门联考
91234,,药理学,十门联考
91235,,药理学,十门联考
91236,,药理学,十门联考
91237,,药理学,十门联考
91238,,药理学,十门联考
91239,,药理学,十门联考
91240,,药理学,十门联考
91241,,药理学,十门联考
91242,,药理学,十门联考
91243,,药理学,十门联考
91244,,药理学,十门联考
91245,,药理学,十门联考
91246,,药理学,十门联考
91247,,药理学,十门联考
91248,,药理学,十门联考
91249,,药理学,十门联考
91250,,药理学,十门联考
91251,,药理学,十门联考
91252,,药理学,十门联考
